claim_id,actual_class,py_predicted_class,py_conf_valid,py_conf_invalid,py_conf_manual_review,py_top_confidence,card_filename,tm_predicted_class,tm_conf_valid,tm_conf_invalid,tm_conf_manual_review,tm_top_confidence,predicted_class_match,top_conf_difference_pct,model_consistency_status,warranty_rule_result,rule_issues,missing_documents,contradictions_detected,duplicate_indicator,final_decision,explanation
CLM-0000134,valid_claim,valid_claim,98.82,0.08,1.1,98.82,CLM-0000134_v0.png,valid_claim,99.87,0.04,0.09,99.87,MATCH,1.05,Strong Match,FAIL,WARRANTY_EXPIRED,Repair Report,None,NO,Likely Invalid,Hard fail rules: WARRANTY_EXPIRED
CLM-0000138,valid_claim,valid_claim,99.87,0.01,0.12,99.87,CLM-0000138_v0.png,valid_claim,99.95,0.01,0.04,99.95,MATCH,0.08,Strong Match,FAIL,WARRANTY_EXPIRED,Repair Report,None,NO,Likely Invalid,Hard fail rules: WARRANTY_EXPIRED
CLM-0000027,valid_claim,valid_claim,99.99,0.01,0.01,99.99,CLM-0000027_v0.png,valid_claim,99.98,0.01,0.01,99.98,MATCH,0.01,Strong Match,PASS,None,Repair Report,None,NO,Likely Valid,Both models agree: valid_claim (diff=0.0%)
CLM-0000124,valid_claim,valid_claim,92.76,0.01,7.24,92.76,CLM-0000124_v0.png,valid_claim,83.06,1.15,15.8,83.06,MATCH,9.7,Acceptable Match,FAIL,WARRANTY_EXPIRED,Repair Report,None,NO,Likely Invalid,Hard fail rules: WARRANTY_EXPIRED
CLM-0000261,valid_claim,valid_claim,98.82,0.01,1.17,98.82,CLM-0000261_v0.png,valid_claim,99.79,0.12,0.09,99.79,MATCH,0.97,Strong Match,FAIL,WARRANTY_EXPIRED,None,None,NO,Likely Invalid,Hard fail rules: WARRANTY_EXPIRED
CLM-0000256,valid_claim,valid_claim,98.92,0.01,1.07,98.92,CLM-0000256_v0.png,valid_claim,99.94,0.04,0.02,99.94,MATCH,1.02,Strong Match,FAIL,WARRANTY_EXPIRED,Repair Report,None,NO,Likely Invalid,Hard fail rules: WARRANTY_EXPIRED
CLM-0000387,valid_claim,valid_claim,99.65,0.01,0.35,99.65,CLM-0000387_v0.png,valid_claim,99.98,0.01,0.01,99.98,MATCH,0.33,Strong Match,PASS,None,None,None,NO,Likely Valid,Both models agree: valid_claim (diff=0.3%)
CLM-0000464,valid_claim,valid_claim,99.17,0.36,0.47,99.17,CLM-0000464_v0.png,valid_claim,99.4,0.34,0.26,99.4,MATCH,0.23,Strong Match,PASS,None,Repair Report,None,NO,Likely Valid,Both models agree: valid_claim (diff=0.2%)
CLM-0000494,valid_claim,valid_claim,82.12,0.26,17.63,82.12,CLM-0000494_v0.png,valid_claim,99.8,0.09,0.1,99.8,MATCH,17.68,Weak Match,FAIL,WARRANTY_EXPIRED,None,None,NO,Likely Invalid,Hard fail rules: WARRANTY_EXPIRED
CLM-0000087,valid_claim,valid_claim,99.41,0.07,0.51,99.41,CLM-0000087_v0.png,valid_claim,99.98,0.01,0.01,99.98,MATCH,0.57,Strong Match,FAIL,WARRANTY_EXPIRED,Repair Report,None,NO,Likely Invalid,Hard fail rules: WARRANTY_EXPIRED
CLM-0000335,valid_claim,valid_claim,99.16,0.01,0.83,99.16,CLM-0000335_v0.png,valid_claim,99.88,0.06,0.06,99.88,MATCH,0.72,Strong Match,FAIL,WARRANTY_EXPIRED,Repair Report,None,NO,Likely Invalid,Hard fail rules: WARRANTY_EXPIRED
CLM-0000358,valid_claim,valid_claim,99.43,0.35,0.22,99.43,CLM-0000358_v0.png,valid_claim,99.97,0.02,0.01,99.97,MATCH,0.54,Strong Match,FAIL,WARRANTY_EXPIRED,Repair Report,None,NO,Likely Invalid,Hard fail rules: WARRANTY_EXPIRED
CLM-0000109,valid_claim,valid_claim,97.73,0.26,2.02,97.73,CLM-0000109_v0.png,valid_claim,99.94,0.03,0.03,99.94,MATCH,2.21,Strong Match,FAIL,WARRANTY_EXPIRED,Repair Report,None,NO,Likely Invalid,Hard fail rules: WARRANTY_EXPIRED
CLM-0000047,valid_claim,valid_claim,99.39,0.01,0.6,99.39,CLM-0000047_v0.png,valid_claim,99.98,0.01,0.01,99.98,MATCH,0.59,Strong Match,FAIL,WARRANTY_EXPIRED,None,None,NO,Likely Invalid,Hard fail rules: WARRANTY_EXPIRED
CLM-0000035,valid_claim,valid_claim,98.77,0.01,1.22,98.77,CLM-0000035_v0.png,valid_claim,99.98,0.01,0.01,99.98,MATCH,1.21,Strong Match,PASS,None,None,None,NO,Likely Valid,Both models agree: valid_claim (diff=1.2%)
CLM-0000884,invalid_claim,invalid_claim,1.59,91.02,7.4,91.02,CLM-0000884_v0.png,invalid_claim,0.02,99.97,0.02,99.97,MATCH,8.95,Acceptable Match,FAIL,WARRANTY_EXPIRED; NO_PURCHASE_RECEIPT,Purchase Receipt; Warranty Card; Repair Report,None,NO,Likely Invalid,"Hard fail rules: WARRANTY_EXPIRED, NO_PURCHASE_RECEIPT"
CLM-0000728,invalid_claim,invalid_claim,0.14,97.71,2.15,97.71,CLM-0000728_v0.png,invalid_claim,0.03,99.95,0.02,99.95,MATCH,2.24,Strong Match,FAIL,WARRANTY_EXPIRED; EXCLUDED_DAMAGE_TYPE; EXCESSIVE_REPAIRS; SERIAL_MISMATCH; LATE_REPORTING,Product Image; Fault Evidence,Serial number mismatch,NO,Likely Invalid,"Hard fail rules: WARRANTY_EXPIRED, EXCLUDED_DAMAGE_TYPE, LATE_REPORTING"
CLM-0000870,invalid_claim,invalid_claim,0.0,97.92,2.08,97.92,CLM-0000870_v0.png,invalid_claim,0.07,99.84,0.09,99.84,MATCH,1.92,Strong Match,FAIL,WARRANTY_EXPIRED; EXCLUDED_DAMAGE_TYPE; EXCESSIVE_REPAIRS,Warranty Card; Repair Report,None,NO,Likely Invalid,"Hard fail rules: WARRANTY_EXPIRED, EXCLUDED_DAMAGE_TYPE"
CLM-0000924,invalid_claim,invalid_claim,0.0,92.4,7.6,92.4,CLM-0000924_v0.png,invalid_claim,0.01,99.77,0.22,99.77,MATCH,7.37,Acceptable Match,FAIL,WARRANTY_EXPIRED; NO_PURCHASE_RECEIPT; EXCLUDED_DAMAGE_TYPE; EXCESSIVE_REPAIRS; SERIAL_MISMATCH; LATE_REPORTING,Purchase Receipt; Warranty Card; Product Image; Fault Evidence; Repair Report,Serial number mismatch,NO,Likely Invalid,"Hard fail rules: WARRANTY_EXPIRED, NO_PURCHASE_RECEIPT, EXCLUDED_DAMAGE_TYPE, LATE_REPORTING"
CLM-0000941,invalid_claim,invalid_claim,0.0,96.36,3.64,96.36,CLM-0000941_v0.png,invalid_claim,0.02,99.96,0.02,99.96,MATCH,3.6,Strong Match,FAIL,WARRANTY_EXPIRED; NO_PURCHASE_RECEIPT; SERIAL_MISMATCH; LATE_REPORTING,Purchase Receipt; Repair Report,Serial number mismatch,NO,Likely Invalid,"Hard fail rules: WARRANTY_EXPIRED, NO_PURCHASE_RECEIPT, LATE_REPORTING"
CLM-0000585,invalid_claim,invalid_claim,0.25,78.87,20.88,78.87,CLM-0000585_v0.png,invalid_claim,0.02,98.67,1.31,98.67,MATCH,19.8,Weak Match,FAIL,WARRANTY_EXPIRED; NO_PURCHASE_RECEIPT; EXCLUDED_DAMAGE_TYPE,Purchase Receipt; Warranty Card; Product Image,None,NO,Likely Invalid,"Hard fail rules: WARRANTY_EXPIRED, NO_PURCHASE_RECEIPT, EXCLUDED_DAMAGE_TYPE"
CLM-0000730,invalid_claim,invalid_claim,0.0,95.18,4.82,95.18,CLM-0000730_v0.png,invalid_claim,0.02,99.66,0.31,99.66,MATCH,4.48,Strong Match,FAIL,WARRANTY_EXPIRED; EXCLUDED_DAMAGE_TYPE; DUPLICATE_CLAIM; EXCESSIVE_REPAIRS; LATE_REPORTING,Product Image; Repair Report,Possible duplicate claim,YES,Likely Invalid,"Hard fail rules: WARRANTY_EXPIRED, EXCLUDED_DAMAGE_TYPE, LATE_REPORTING"
CLM-0000860,invalid_claim,invalid_claim,0.0,93.94,6.06,93.94,CLM-0000860_v0.png,invalid_claim,0.03,99.95,0.03,99.95,MATCH,6.01,Acceptable Match,FAIL,WARRANTY_EXPIRED; EXCESSIVE_REPAIRS; LATE_REPORTING,Warranty Card; Product Image; Fault Evidence; Repair Report,None,NO,Likely Invalid,"Hard fail rules: WARRANTY_EXPIRED, LATE_REPORTING"
CLM-0000670,invalid_claim,invalid_claim,0.64,97.04,2.32,97.04,CLM-0000670_v0.png,invalid_claim,0.1,80.3,19.6,80.3,MATCH,16.74,Weak Match,FAIL,WARRANTY_EXPIRED; LATE_REPORTING; UNAUTHORIZED_REPAIR,Product Image; Repair Report,None,NO,Likely Invalid,"Hard fail rules: WARRANTY_EXPIRED, LATE_REPORTING"
CLM-0000823,invalid_claim,invalid_claim,0.61,97.8,1.59,97.8,CLM-0000823_v0.png,invalid_claim,0.49,99.46,0.04,99.46,MATCH,1.66,Strong Match,FAIL,WARRANTY_EXPIRED; EXCESSIVE_REPAIRS; SERIAL_MISMATCH; LATE_REPORTING,None,Serial number mismatch,NO,Likely Invalid,"Hard fail rules: WARRANTY_EXPIRED, LATE_REPORTING"
CLM-0000826,invalid_claim,invalid_claim,0.96,94.68,4.36,94.68,CLM-0000826_v0.png,invalid_claim,0.01,99.97,0.01,99.97,MATCH,5.29,Acceptable Match,FAIL,WARRANTY_EXPIRED; NO_PURCHASE_RECEIPT; EXCESSIVE_REPAIRS; UNAUTHORIZED_REPAIR,Purchase Receipt; Warranty Card,None,NO,Likely Invalid,"Hard fail rules: WARRANTY_EXPIRED, NO_PURCHASE_RECEIPT"
CLM-0000577,invalid_claim,manual_review,6.77,37.31,55.92,55.92,CLM-0000577_v0.png,invalid_claim,0.11,99.85,0.04,99.85,MISMATCH,43.93,Model Disagreement,FAIL,WARRANTY_EXPIRED; SERIAL_MISMATCH; LATE_REPORTING,Product Image; Repair Report,Serial number mismatch,NO,Likely Invalid,"Hard fail rules: WARRANTY_EXPIRED, LATE_REPORTING"
CLM-0000932,invalid_claim,invalid_claim,1.0,98.09,0.91,98.09,CLM-0000932_v0.png,invalid_claim,0.05,99.87,0.08,99.87,MATCH,1.78,Strong Match,FAIL,WARRANTY_EXPIRED; NO_PURCHASE_RECEIPT; EXCLUDED_DAMAGE_TYPE,Purchase Receipt; Warranty Card; Fault Evidence; Repair Report,None,NO,Likely Invalid,"Hard fail rules: WARRANTY_EXPIRED, NO_PURCHASE_RECEIPT, EXCLUDED_DAMAGE_TYPE"
CLM-0000822,invalid_claim,invalid_claim,0.25,67.15,32.6,67.15,CLM-0000822_v0.png,invalid_claim,0.09,99.82,0.09,99.82,MATCH,32.67,Uncertain Result,FAIL,WARRANTY_EXPIRED; SERIAL_MISMATCH; LATE_REPORTING,Warranty Card; Product Image; Repair Report,Serial number mismatch,NO,Likely Invalid,"Hard fail rules: WARRANTY_EXPIRED, LATE_REPORTING"
CLM-0000989,invalid_claim,invalid_claim,0.0,96.87,3.13,96.87,CLM-0000989_v0.png,invalid_claim,0.09,99.89,0.02,99.89,MATCH,3.02,Strong Match,FAIL,WARRANTY_EXPIRED; NO_PURCHASE_RECEIPT; EXCESSIVE_REPAIRS; LATE_REPORTING,Purchase Receipt; Product Image,None,NO,Likely Invalid,"Hard fail rules: WARRANTY_EXPIRED, NO_PURCHASE_RECEIPT, LATE_REPORTING"
CLM-0001296,manual_review,manual_review,0.6,2.77,96.62,96.62,CLM-0001296_v0.png,manual_review,0.21,0.09,99.7,99.7,MATCH,3.08,Strong Match,FAIL,WARRANTY_EXPIRED,Warranty Card; Product Image; Fault Evidence; Repair Report,None,NO,Likely Invalid,Hard fail rules: WARRANTY_EXPIRED
CLM-0001054,manual_review,manual_review,3.79,5.44,90.77,90.77,CLM-0001054_v0.png,manual_review,40.84,0.17,58.99,58.99,MATCH,31.78,Uncertain Result,FAIL,WARRANTY_EXPIRED,Repair Report,None,NO,Likely Invalid,Hard fail rules: WARRANTY_EXPIRED
CLM-0001383,manual_review,manual_review,27.4,8.02,64.59,64.59,CLM-0001383_v0.png,manual_review,0.15,21.43,78.42,78.42,MATCH,13.83,Acceptable Match,FAIL,WARRANTY_EXPIRED; SERIAL_MISMATCH; UNAUTHORIZED_REPAIR,Fault Evidence; Repair Report,Serial number mismatch,NO,Likely Invalid,Hard fail rules: WARRANTY_EXPIRED
CLM-0001120,manual_review,manual_review,1.44,3.32,95.24,95.24,CLM-0001120_v0.png,manual_review,0.06,0.02,99.92,99.92,MATCH,4.68,Strong Match,FAIL,WARRANTY_EXPIRED; NO_PURCHASE_RECEIPT; LATE_REPORTING,Purchase Receipt; Product Image; Repair Report,None,NO,Likely Invalid,"Hard fail rules: WARRANTY_EXPIRED, NO_PURCHASE_RECEIPT, LATE_REPORTING"
CLM-0001328,manual_review,manual_review,1.25,5.78,92.97,92.97,CLM-0001328_v0.png,manual_review,0.24,0.02,99.74,99.74,MATCH,6.77,Acceptable Match,FAIL,WARRANTY_EXPIRED,Warranty Card; Repair Report,None,NO,Likely Invalid,Hard fail rules: WARRANTY_EXPIRED
CLM-0001083,manual_review,manual_review,6.43,12.48,81.08,81.08,CLM-0001083_v0.png,manual_review,1.69,47.9,50.41,50.41,MATCH,30.67,Uncertain Result,FAIL,WARRANTY_EXPIRED; UNAUTHORIZED_REPAIR,Fault Evidence; Repair Report,None,NO,Likely Invalid,Hard fail rules: WARRANTY_EXPIRED
CLM-0001360,manual_review,manual_review,2.08,2.98,94.94,94.94,CLM-0001360_v0.png,manual_review,0.3,1.53,98.17,98.17,MATCH,3.23,Strong Match,FAIL,WARRANTY_EXPIRED; NO_PURCHASE_RECEIPT; DUPLICATE_CLAIM; LATE_REPORTING,Purchase Receipt; Fault Evidence; Repair Report,Possible duplicate claim,YES,Likely Invalid,"Hard fail rules: WARRANTY_EXPIRED, NO_PURCHASE_RECEIPT, LATE_REPORTING"
CLM-0001406,manual_review,manual_review,0.5,1.09,98.41,98.41,CLM-0001406_v0.png,manual_review,0.58,0.03,99.39,99.39,MATCH,0.98,Strong Match,FAIL,WARRANTY_EXPIRED; EXCLUDED_DAMAGE_TYPE; LATE_REPORTING,Fault Evidence; Repair Report,None,NO,Likely Invalid,"Hard fail rules: WARRANTY_EXPIRED, EXCLUDED_DAMAGE_TYPE, LATE_REPORTING"
CLM-0001498,manual_review,manual_review,1.43,12.6,85.96,85.96,CLM-0001498_v0.png,manual_review,0.17,0.17,99.67,99.67,MATCH,13.71,Acceptable Match,FAIL,WARRANTY_EXPIRED; NO_PURCHASE_RECEIPT,Purchase Receipt; Warranty Card; Repair Report,None,NO,Likely Invalid,"Hard fail rules: WARRANTY_EXPIRED, NO_PURCHASE_RECEIPT"
CLM-0001270,manual_review,manual_review,0.67,2.3,97.02,97.02,CLM-0001270_v0.png,manual_review,0.01,0.01,99.97,99.97,MATCH,2.95,Strong Match,FAIL,WARRANTY_EXPIRED; EXCLUDED_DAMAGE_TYPE; LATE_REPORTING; UNAUTHORIZED_REPAIR,Warranty Card,None,NO,Likely Invalid,"Hard fail rules: WARRANTY_EXPIRED, EXCLUDED_DAMAGE_TYPE, LATE_REPORTING"
CLM-0001426,manual_review,manual_review,0.17,0.33,99.5,99.5,CLM-0001426_v0.png,manual_review,0.06,0.03,99.91,99.91,MATCH,0.41,Strong Match,FAIL,WARRANTY_EXPIRED; LATE_REPORTING; UNAUTHORIZED_REPAIR,Product Image; Fault Evidence; Repair Report,None,NO,Likely Invalid,"Hard fail rules: WARRANTY_EXPIRED, LATE_REPORTING"
CLM-0001211,manual_review,manual_review,1.21,0.46,98.33,98.33,CLM-0001211_v0.png,manual_review,0.04,0.08,99.88,99.88,MATCH,1.55,Strong Match,FAIL,WARRANTY_EXPIRED; EXCLUDED_DAMAGE_TYPE; DUPLICATE_CLAIM; SERIAL_MISMATCH; LATE_REPORTING; UNAUTHORIZED_REPAIR,Warranty Card; Repair Report,Serial number mismatch; Possible duplicate claim,YES,Likely Invalid,"Hard fail rules: WARRANTY_EXPIRED, EXCLUDED_DAMAGE_TYPE, LATE_REPORTING"
CLM-0001271,manual_review,manual_review,0.43,0.92,98.66,98.66,CLM-0001271_v0.png,manual_review,0.05,0.03,99.93,99.93,MATCH,1.27,Strong Match,FAIL,WARRANTY_EXPIRED; NO_PURCHASE_RECEIPT; EXCLUDED_DAMAGE_TYPE; LATE_REPORTING,Purchase Receipt,None,NO,Likely Invalid,"Hard fail rules: WARRANTY_EXPIRED, NO_PURCHASE_RECEIPT, EXCLUDED_DAMAGE_TYPE, LATE_REPORTING"
CLM-0001099,manual_review,manual_review,0.58,0.0,99.42,99.42,CLM-0001099_v0.png,valid_claim,68.62,0.12,31.26,68.62,MISMATCH,30.8,Model Disagreement,FAIL,WARRANTY_EXPIRED; LATE_REPORTING,Repair Report,None,NO,Likely Invalid,"Hard fail rules: WARRANTY_EXPIRED, LATE_REPORTING"
CLM-0001359,manual_review,manual_review,0.15,1.26,98.59,98.59,CLM-0001359_v0.png,manual_review,0.75,1.19,98.07,98.07,MATCH,0.52,Strong Match,FAIL,WARRANTY_EXPIRED; EXCLUDED_DAMAGE_TYPE; DUPLICATE_CLAIM; SERIAL_MISMATCH,Repair Report,Serial number mismatch; Possible duplicate claim,YES,Likely Invalid,"Hard fail rules: WARRANTY_EXPIRED, EXCLUDED_DAMAGE_TYPE"
